-- Criação das tabelas
CREATE TABLE IF NOT EXISTS authors (
    id VARCHAR PRIMARY KEY,
    name VARCHAR NOT NULL,
    birth_date VARCHAR(255),
    death_date VARCHAR(255)
);

CREATE TABLE IF NOT EXISTS genres (
    id VARCHAR PRIMARY KEY,
    name VARCHAR NOT NULL
);

CREATE TABLE IF NOT EXISTS books (
    id VARCHAR PRIMARY KEY,
    title VARCHAR NOT NULL,
    publish_date VARCHAR(255),
    isbn BIGINT,
    number_of_pages INTEGER
);

-- Tabela intermediária para livros e autores
CREATE TABLE IF NOT EXISTS book_authors (
    book_id VARCHAR,
    author_id VARCHAR,
    PRIMARY KEY (book_id, author_id),
    FOREIGN KEY (book_id) REFERENCES books(id),
    FOREIGN KEY (author_id) REFERENCES authors(id)
);

-- Tabela intermediária para livros e gêneros
CREATE TABLE IF NOT EXISTS book_genres (
    book_id VARCHAR,
    genre_id VARCHAR,
    PRIMARY KEY (book_id, genre_id),
    FOREIGN KEY (book_id) REFERENCES books(id),
    FOREIGN KEY (genre_id) REFERENCES genres(id)
);

-- Inserção de dados de autores
INSERT INTO authors (id, name, birth_date, death_date) VALUES
('A01', 'J.K. Rowling', '1965-07-31', NULL),
('A02', 'George R.R. Martin', '1948-09-20', NULL),
('A03', 'Isaac Asimov', '1920-01-02', '1992-04-06'),
('A04', 'Philip K. Dick', '1928-12-16', '1982-03-02'),
('A05', 'Arthur C. Clarke', '1917-12-16', '2008-03-19'),
('A06', 'Suzanne Collins', '1962-08-10', NULL),
('A07', 'Tolkien', '1892-01-03', '1973-09-02'),
('A08', 'H.G. Wells', '1866-09-21', '1946-08-13'),
('A09', 'Margaret Atwood', '1939-11-18', NULL),
('A10', 'Neil Gaiman', '1960-11-10', NULL),
('A11', 'Stephen King', '1947-09-21', NULL),
('A12', 'Ray Bradbury', '1920-08-22', '2012-06-05'),
('A13', 'Orson Scott Card', '1951-08-24', NULL),
('A14', 'Ursula K. Le Guin', '1929-10-21', '2018-01-22'),
('A15', 'Terry Pratchett', '1948-04-28', '2015-03-12'),
('A16', 'Douglas Adams', '1952-03-11', '2001-05-11'),
('A17', 'Aldous Huxley', '1894-07-26', '1963-11-22'),
('A18', 'Frank Herbert', '1920-10-08', '1986-02-11'),
('A19', 'Mary Shelley', '1797-08-30', '1851-02-01'),
('A20', 'Jules Verne', '1828-02-08', '1905-03-24'),
('A21', 'Brandon Sanderson', '1975-12-19', NULL),
('A22', 'Rick Riordan', '1964-06-05', NULL),
('A23', 'C.S. Lewis', '1898-11-29', '1963-11-22'),
('A24', 'George Orwell', '1903-06-25', '1950-01-21'),
('A25', 'Raymond E. Feist', '1945-12-04', NULL),
('A26', 'Michael Crichton', '1942-10-23', '2008-11-04'),
('A27', 'Agatha Christie', '1890-09-15', '1976-01-12'),
('A28', 'F. Scott Fitzgerald', '1896-09-24', '1940-12-21'),
('A29', 'Harper Lee', '1926-04-28', '2016-02-19'),
('A30', 'J.D. Salinger', '1919-01-01', '2010-01-27'),
('A31', 'Gabriel Garcia Marquez', '1927-03-06', '2014-04-17'),
('A32', 'Leo Tolstoy', '1828-09-09', '1910-11-20'),
('A33', 'Charles Dickens', '1812-02-07', '1870-06-09');

-- Inserção de dados de gêneros
INSERT INTO genres (id, name) VALUES
('G01', 'Fantasy'),
('G02', 'Science Fiction'),
('G03', 'Dystopian'),
('G04', 'Adventure'),
('G05', 'Romance'),
('G06', 'Horror'),
('G07', 'Drama'),
('G08', 'Mythology'),
('G09', 'Adventure'),
('G10', 'Historical Fiction'),
('G11', 'Philosophical Fiction'),
('G12', 'Speculative Fiction');

-- Inserção de dados de livros
INSERT INTO books (id, title, publish_date, isbn, number_of_pages) VALUES
('B01', 'Harry Potter and the Sorcerers Stone', '1997-06-26', 9780747532699, 320),
('B02', 'A Game of Thrones', '1996-08-06', 9780553103540, 694),
('B03', 'Foundation', '1951-06-01', 9780553293357, 255),
('B04', 'Do Androids Dream of Electric Sheep?', '1968-01-01', 9780345404473, 210),
('B05', '2001: A Space Odyssey', '1968-07-01', 9780451457998, 297),
('B06', 'The Hunger Games', '2008-09-14', 9780439023481, 374),
('B07', 'The Lord of the Rings', '1954-07-29', 9780261103252, 1216),
('B08', 'The War of the Worlds', '1898-04-01', 9780141441030, 192),
('B09', 'The Handmaids Tale', '1985-07-01', 9780385490818, 311),
('B10', 'American Gods', '2001-06-19', 9780062572233, 465),
('B11', 'The Shining', '1977-01-28', 9780307743657, 659),
('B12', 'Fahrenheit 451', '1953-10-19', 9781451673319, 256),
('B13', 'Enders Game', '1985-01-15', 9780812550702, 324),
('B14', 'Dune', '1965-08-01', 9780441013593, 688),
('B15', 'Frankenstein', '1818-01-01', 9780141439471, 280),
('B16', 'Twenty Thousand Leagues Under the Sea', '1870-01-01', 9780553213454, 416),
('B17', 'Mistborn: The Final Empire', '2006-07-17', 9780765377135, 672),
('B18', 'The Lightning Thief', '2005-06-28', 9780786838653, 400),
('B19', 'The Chronicles of Narnia', '1950-10-16', 9780064471190, 768),
('B20', '1984', '1949-06-08', 9780451524935, 328),
('B21', 'Magician: Apprentice', '1982-10-01', 9780553564948, 576),
('B22', 'Jurassic Park', '1990-11-20', 9780345538987, 448),
('B23', 'Murder on the Orient Express', '1934-01-01', 9780062693665, 265),
('B24', 'The Great Gatsby', '1925-04-10', 9780743273565, 180),
('B25', 'To Kill a Mockingbird', '1960-07-11', 9780060935467, 281),
('B26', 'The Catcher in the Rye', '1951-07-16', 9780316769488, 277),
('B27', 'One Hundred Years of Solitude', '1967-06-05', 9780060883285, 417),
('B28', 'War and Peace', '1869-01-01', 9781400079988, 1225),
('B29', 'David Copperfield', '1850-01-01', 9780140439441, 882),
('B30', 'The Hitchhiker’s Guide to the Galaxy', '1979-10-12', 9780345391803, 224),
('B31', 'Brave New World', '1932-12-01', 9780060850524, 268),
('B32', 'Fahrenheit 451', '1953-10-19', 9781451673319, 256),
('B33', 'The Shining', '1977-01-28', 9780307743657, 659),
('B34', 'The Hobbit', '1937-09-21', 9780547928227, 310),
('B35', 'The Name of the Wind', '2007-03-27', 9780756404741, 662),
('B36', 'The Eye of the World', '1990-01-15', 9780812511819, 814),
('B37', 'The Way of Kings', '2010-08-31', 9780765326353, 1007),
('B38', 'The Two Towers', '1954-11-11', 9780261102361, 352),
('B39', 'The Return of the King', '1955-10-20', 9780261102378, 416),
('B40', 'The Lies of Locke Lamora', '2006-06-27', 9780553588941, 722),
('B41', 'The Blade Itself', '2006-05-04', 9780575079793, 515),
('B42', 'The Final Empire', '2006-07-17', 9780765377135, 672),
('B43', 'Storm Front', '2000-04-01', 9780451457813, 322),
('B44', 'The Black Prism', '2010-08-25', 9780316075550, 671),
('B45', 'The Night Circus', '2011-09-13', 9780385534635, 512),
('B46', 'The Girl with the Dragon Tattoo', '2005-08-21', 9780307454549, 672),
('B47', 'Gone Girl', '2012-06-05', 9780307588371, 555),
('B48', 'The Martian', '2011-10-28', 9780553418026, 369),
('B49', 'Ready Player One', '2011-08-16', 9780307887443, 384),
('B50', 'American Gods', '2001-06-19', 9780062572233, 465),
('B51', 'The Hunger Games', '2008-09-14', 9780439023481, 374),
('B52', 'Catching Fire', '2009-09-01', 9780439023498, 391),
('B53', 'Mockingjay', '2010-08-24', 9780439023511, 398);

-- Relacionamento entre livros e autores
INSERT INTO book_authors (book_id, author_id) VALUES
('B01', 'A01'),
('B02', 'A02'),
('B03', 'A03'),
('B04', 'A04'),
('B05', 'A05'),
('B06', 'A06'),
('B07', 'A07'),
('B08', 'A08'),
('B09', 'A09'),
('B10', 'A10'),
('B11', 'A11'),
('B12', 'A12'),
('B13', 'A13'),
('B14', 'A18'),
('B15', 'A19'),
('B16', 'A20'),
('B17', 'A21'),
('B18', 'A22'),
('B19', 'A23'),
('B20', 'A24'),
('B21', 'A25'),
('B22', 'A26'),
('B23', 'A27'),
('B24', 'A28'),
('B25', 'A29'),
('B26', 'A30'),
('B27', 'A31'),
('B28', 'A32'),
('B29', 'A33'),
('B30', 'A16'),
('B31', 'A17'),
('B32', 'A12'),
('B33', 'A11'),
('B34', 'A07'),
('B35', 'A21'),
('B36', 'A07'),
('B37', 'A21'),
('B38', 'A07'),
('B39', 'A07'),
('B40', 'A22'),
('B41', 'A23'),
('B42', 'A21'),
('B43', 'A24'),
('B44', 'A25'),
('B45', 'A26'),
('B46', 'A27'),
('B47', 'A28'),
('B48', 'A29'),
('B49', 'A30'),
('B50', 'A10'),
('B51', 'A06'),
('B52', 'A06'),
('B53', 'A06');

-- Relacionamento entre livros e gêneros
INSERT INTO book_genres (book_id, genre_id) VALUES
('B01', 'G01'),
('B02', 'G01'),
('B03', 'G02'),
('B04', 'G02'),
('B05', 'G02'),
('B06', 'G03'),
('B07', 'G01'),
('B08', 'G02'),
('B09', 'G03'),
('B10', 'G04'),
('B11', 'G06'),
('B12', 'G02'),
('B13', 'G02'),
('B14', 'G02'),
('B15', 'G06'),
('B16', 'G02'),
('B17', 'G01'),
('B18', 'G08'),
('B19', 'G01'),
('B20', 'G03'),
('B21', 'G09'),
('B22', 'G09'),
('B23', 'G10'),
('B24', 'G11'),
('B25', 'G10'),
('B26', 'G11'),
('B27', 'G10'),
('B28', 'G10'),
('B29', 'G12'),
('B30', 'G02'),
('B31', 'G11'),
('B32', 'G02'),
('B33', 'G06'),
('B34', 'G01'),
('B35', 'G01'),
('B36', 'G01'),
('B37', 'G01'),
('B38', 'G01'),
('B39', 'G01'),
('B40', 'G01'),
('B41', 'G02'),
('B42', 'G02'),
('B43', 'G02'),
('B44', 'G02'),
('B45', 'G03'),
('B46', 'G03'),
('B47', 'G09'),
('B48', 'G02'),
('B49', 'G02'),
('B50', 'G09'),
('B51', 'G03'),
('B52', 'G03'),
('B53', 'G03');
